queue,totalCars,deadCars,flux,density,avgSpeedCars,time
1,4,0,2.5,0.53,4.75,1
4,8,0,4.34,1.05,4.12,2
5,12,0,5.53,1.58,3.5,3
4,16,0,6.45,2.11,3.06,4
7,18,0,7.76,2.37,3.28,5
12,20,0,8.16,2.63,3.1,6
19,21,0,9.47,2.76,3.43,7
22,22,0,9.87,2.89,3.41,8
29,24,0,11.45,3.16,3.62,9
28,26,0,12.24,3.42,3.58,10
32,27,0,12.37,3.55,3.48,11
34,29,0,12.76,3.82,3.34,12
33,31,0,12.76,4.08,3.13,13
32,33,0,14.87,4.34,3.42,14
40,35,0,15.39,4.61,3.34,15
41,36,0,16.32,4.74,3.44,16
49,38,0,16.58,5.0,3.32,17
56,40,0,16.97,5.26,3.23,18
65,41,0,17.63,5.39,3.27,19
68,44,0,19.08,5.79,3.3,20
67,45,0,19.08,5.92,3.22,21
72,47,0,20.66,6.18,3.34,22
75,48,0,21.97,6.32,3.48,23
74,51,0,21.97,6.71,3.27,24
83,51,0,23.82,6.71,3.55,25
81,55,0,24.08,7.24,3.33,26
91,55,0,24.21,7.24,3.35,27
98,58,0,25.66,7.63,3.36,28
104,59,0,27.76,7.76,3.58,29
105,62,0,28.42,8.16,3.48,30
109,64,0,29.08,8.42,3.45,31
113,67,0,31.84,8.82,3.61,32
122,68,0,33.16,8.95,3.71,33
127,71,0,33.55,9.34,3.59,34
125,73,0,34.34,9.61,3.58,35
127,74,0,34.34,9.74,3.53,36
134,77,0,36.45,10.13,3.6,37
144,77,0,36.05,10.13,3.56,38
142,80,0,36.71,10.53,3.49,39
141,80,1,37.24,10.53,3.54,40
146,81,3,37.5,10.66,3.52,41
154,80,5,36.84,10.53,3.5,42
153,81,6,36.84,10.66,3.46,43
156,82,6,37.5,10.79,3.48,44
155,83,8,36.97,10.92,3.39,45
164,82,10,36.32,10.79,3.37,46
167,84,11,38.16,11.05,3.45,47
174,84,11,38.95,11.05,3.52,48
181,85,13,38.55,11.18,3.45,49
183,86,13,40.0,11.32,3.53,50
187,83,16,38.55,10.92,3.53,51
194,85,17,39.08,11.18,3.49,52
196,86,17,38.42,11.32,3.4,53
202,85,19,38.95,11.18,3.48,54
199,86,21,36.45,11.32,3.22,55
203,86,22,36.84,11.32,3.26,56
204,87,22,37.37,11.45,3.26,57
208,89,23,37.63,11.71,3.21,58
210,88,25,37.5,11.58,3.24,59
217,87,27,37.24,11.45,3.25,60
224,87,28,37.24,11.45,3.25,61
229,87,30,38.29,11.45,3.34,62
231,88,31,38.68,11.58,3.34,63
237,87,33,38.55,11.45,3.37,64
238,88,34,38.42,11.58,3.32,65
241,88,36,38.03,11.58,3.28,66
246,87,38,38.68,11.45,3.38,67
245,86,40,38.03,11.32,3.36,68
252,87,41,38.55,11.45,3.37,69
250,87,44,39.21,11.45,3.43,70
253,89,44,40.26,11.71,3.44,71
258,92,45,41.32,12.11,3.41,72
260,89,48,39.61,11.71,3.38,73
259,91,49,40.53,11.97,3.38,74
268,91,50,41.84,11.97,3.49,75
265,92,52,39.34,12.11,3.25,76
267,93,53,41.58,12.24,3.4,77
269,93,55,40.39,12.24,3.3,78
275,93,57,40.0,12.24,3.27,79
275,92,58,42.24,12.11,3.49,80
277,93,60,40.79,12.24,3.33,81
278,92,62,39.34,12.11,3.25,82
286,94,62,40.53,12.37,3.28,83
287,95,63,41.18,12.5,3.29,84
288,95,66,39.21,12.5,3.14,85
291,95,67,39.87,12.5,3.19,86
298,94,70,39.34,12.37,3.18,87
303,96,70,38.95,12.63,3.08,88
308,97,71,39.08,12.76,3.06,89
306,98,72,40.79,12.89,3.16,90
310,98,74,40.39,12.89,3.13,91
309,100,74,41.05,13.16,3.12,92
317,99,77,40.39,13.03,3.1,93
318,99,78,40.53,13.03,3.11,94
316,99,80,38.16,13.03,2.93,95
321,101,80,38.03,13.29,2.86,96
326,101,82,36.71,13.29,2.76,97
332,101,84,37.37,13.29,2.81,98
333,100,86,36.97,13.16,2.81,99
337,101,87,39.08,13.29,2.94,100
337,101,89,39.21,13.29,2.95,101
345,101,91,37.63,13.29,2.83,102
348,102,91,39.21,13.42,2.92,103
353,101,93,38.03,13.29,2.86,104
356,100,95,38.68,13.16,2.94,105
358,100,97,39.47,13.16,3.0,106
367,98,100,39.08,12.89,3.03,107
368,100,100,39.87,13.16,3.03,108
374,102,101,38.95,13.42,2.9,109
381,103,102,38.68,13.55,2.85,110
382,105,102,41.32,13.82,2.99,111
382,104,105,40.53,13.68,2.96,112
385,104,106,39.74,13.68,2.9,113
391,106,107,40.53,13.95,2.91,114
398,104,109,40.13,13.68,2.93,115
397,106,109,40.66,13.95,2.92,116
405,105,111,40.79,13.82,2.95,117
408,105,113,38.68,13.82,2.8,118
415,106,114,39.08,13.95,2.8,119
415,105,116,37.76,13.82,2.73,120
420,108,116,39.34,14.21,2.77,121
426,106,118,38.82,13.95,2.78,122
428,110,118,39.47,14.47,2.73,123
429,106,122,36.58,13.95,2.62,124
428,109,123,36.45,14.34,2.54,125
429,107,125,35.53,14.08,2.52,126
434,105,127,33.95,13.82,2.46,127
440,105,129,33.95,13.82,2.46,128
446,105,131,32.89,13.82,2.38,129
455,106,131,34.47,13.95,2.47,130
455,109,131,36.05,14.34,2.51,131
463,110,131,38.42,14.47,2.65,132
462,111,133,38.95,14.61,2.67,133
463,112,134,40.26,14.74,2.73,134
464,112,136,38.95,14.74,2.64,135
470,114,136,40.0,15.0,2.67,136
477,114,138,38.68,15.0,2.58,137
479,114,139,38.68,15.0,2.58,138
484,114,141,37.89,15.0,2.53,139
491,114,142,37.63,15.0,2.51,140
495,112,145,37.37,14.74,2.54,141
493,113,146,38.68,14.87,2.6,142
500,113,147,37.11,14.87,2.5,143
504,115,148,38.29,15.13,2.53,144
506,114,150,39.08,15.0,2.61,145
511,114,152,38.55,15.0,2.57,146
516,115,153,38.29,15.13,2.53,147
520,113,156,37.37,14.87,2.51,148
521,115,157,37.11,15.13,2.45,149
529,115,158,37.5,15.13,2.48,150
536,116,160,37.63,15.26,2.47,151
543,116,161,37.89,15.26,2.48,152
549,117,162,38.55,15.39,2.5,153
554,117,164,38.03,15.39,2.47,154
561,115,167,36.58,15.13,2.42,155
563,114,169,36.18,15.0,2.41,156
563,115,169,36.71,15.13,2.43,157
567,115,172,35.0,15.13,2.31,158
573,115,173,33.82,15.13,2.23,159
576,114,175,34.34,15.0,2.29,160
577,116,176,35.26,15.26,2.31,161
583,115,178,34.87,15.13,2.3,162
584,116,180,34.21,15.26,2.24,163
586,115,181,34.74,15.13,2.3,164
592,115,183,35.13,15.13,2.32,165
594,116,184,34.74,15.26,2.28,166
601,115,186,35.13,15.13,2.32,167
608,115,187,33.68,15.13,2.23,168
610,116,189,33.82,15.26,2.22,169
613,116,190,33.55,15.26,2.2,170
620,116,192,35.53,15.26,2.33,171
626,116,193,33.82,15.26,2.22,172
628,117,194,34.34,15.39,2.23,173
636,118,194,34.08,15.53,2.19,174
642,117,197,33.42,15.39,2.17,175
646,119,197,32.11,15.66,2.05,176
650,119,198,31.71,15.66,2.03,177
653,118,200,31.58,15.53,2.03,178
654,119,201,34.34,15.66,2.19,179
659,120,201,37.63,15.79,2.38,180
666,119,202,38.16,15.66,2.44,181
671,120,204,38.03,15.79,2.41,182
679,118,206,37.5,15.53,2.42,183
681,121,206,38.03,15.92,2.39,184
691,120,207,36.97,15.79,2.34,185
695,121,208,38.82,15.92,2.44,186
694,120,211,37.5,15.79,2.38,187
701,122,211,38.42,16.05,2.39,188
702,121,214,37.37,15.92,2.35,189
708,120,216,38.42,15.79,2.43,190
707,122,217,40.26,16.05,2.51,191
712,121,219,40.66,15.92,2.55,192
714,122,221,40.92,16.05,2.55,193
721,121,222,42.11,15.92,2.64,194
721,120,224,40.39,15.79,2.56,195
721,120,226,41.71,15.79,2.64,196
722,122,226,42.76,16.05,2.66,197
722,121,229,41.71,15.92,2.62,198
723,120,231,40.0,15.79,2.53,199
725,118,233,40.26,15.53,2.59,200
724,118,234,39.74,15.53,2.56,201
723,118,237,38.68,15.53,2.49,202
725,116,239,37.76,15.26,2.47,203
726,115,240,38.55,15.13,2.55,204
725,116,242,38.55,15.26,2.53,205
727,115,244,38.16,15.13,2.52,206
732,116,246,36.18,15.26,2.37,207
732,114,248,37.11,15.0,2.47,208
738,116,249,38.68,15.26,2.53,209
744,114,252,39.34,15.0,2.62,210
748,115,254,38.29,15.13,2.53,211
748,115,254,39.08,15.13,2.58,212
753,117,256,39.87,15.39,2.59,213
758,116,257,40.79,15.26,2.67,214
764,115,259,40.39,15.13,2.67,215
761,116,261,36.45,15.26,2.39,216
761,116,263,35.0,15.26,2.29,217
761,116,263,35.26,15.26,2.31,218
769,113,266,36.45,14.87,2.45,219
770,116,266,37.24,15.26,2.44,220
772,115,268,38.68,15.13,2.56,221
769,118,268,38.42,15.53,2.47,222
770,116,270,37.63,15.26,2.47,223
775,118,271,37.63,15.53,2.42,224
775,117,273,37.5,15.39,2.44,225
781,121,273,35.79,15.92,2.25,226
783,119,276,35.0,15.66,2.24,227
788,119,277,36.18,15.66,2.31,228
795,121,277,37.37,15.92,2.35,229
804,120,279,37.76,15.79,2.39,230
805,119,281,36.58,15.66,2.34,231
808,120,282,36.18,15.79,2.29,232
813,120,283,36.84,15.79,2.33,233
817,119,285,36.05,15.66,2.3,234
823,120,287,36.84,15.79,2.33,235
827,118,290,36.71,15.53,2.36,236
824,121,290,38.03,15.92,2.39,237
832,119,292,36.97,15.66,2.36,238
839,117,294,35.79,15.39,2.32,239
843,118,294,36.84,15.53,2.37,240
847,117,297,35.13,15.39,2.28,241
851,117,298,36.45,15.39,2.37,242
854,119,298,36.32,15.66,2.32,243
858,117,301,37.89,15.39,2.46,244
856,118,303,38.68,15.53,2.49,245
856,119,303,41.58,15.66,2.66,246
860,119,305,40.79,15.66,2.61,247
858,120,306,39.61,15.79,2.51,248
866,120,307,40.13,15.79,2.54,249
873,121,309,39.34,15.92,2.47,250
880,120,311,39.34,15.79,2.49,251
884,122,312,39.47,16.05,2.46,252
893,121,314,38.95,15.92,2.45,253
898,123,315,39.21,16.18,2.42,254
901,121,318,38.42,15.92,2.41,255
906,124,318,40.39,16.32,2.48,256
915,123,320,41.18,16.18,2.54,257
914,126,320,40.13,16.58,2.42,258
914,125,322,39.21,16.45,2.38,259
913,126,323,37.89,16.58,2.29,260
922,126,324,38.03,16.58,2.29,261
927,127,326,39.21,16.71,2.35,262
926,127,327,40.66,16.71,2.43,263
927,128,328,39.87,16.84,2.37,264
932,128,330,39.74,16.84,2.36,265
935,128,332,40.39,16.84,2.4,266
935,127,333,38.42,16.71,2.3,267
936,130,333,39.74,17.11,2.32,268
940,128,336,38.16,16.84,2.27,269
938,127,339,37.24,16.71,2.23,270
942,127,340,37.37,16.71,2.24,271
940,127,342,37.11,16.71,2.22,272
946,125,345,36.71,16.45,2.23,273
946,126,347,36.45,16.58,2.2,274
950,124,349,38.29,16.32,2.35,275
956,124,351,36.58,16.32,2.24,276
960,125,352,37.5,16.45,2.28,277
959,123,355,35.92,16.18,2.22,278
959,124,357,35.53,16.32,2.18,279
964,123,358,35.92,16.18,2.22,280
969,123,360,35.13,16.18,2.17,281
976,123,362,33.03,16.18,2.04,282
978,124,363,33.82,16.32,2.07,283
980,124,365,34.47,16.32,2.11,284
985,122,367,35.26,16.05,2.2,285
986,124,367,35.66,16.32,2.19,286
990,124,368,37.37,16.32,2.29,287
994,124,370,36.97,16.32,2.27,288
1001,125,371,37.63,16.45,2.29,289
1006,125,373,37.37,16.45,2.27,290
1010,124,375,39.47,16.32,2.42,291
1015,125,377,38.82,16.45,2.36,292
1018,126,378,38.42,16.58,2.32,293
1020,124,381,37.11,16.32,2.27,294
1023,125,381,38.16,16.45,2.32,295
1023,126,383,37.11,16.58,2.24,296
1029,125,384,39.61,16.45,2.41,297
1035,126,387,37.76,16.58,2.28,298
1041,124,389,37.37,16.32,2.29,299
1044,126,390,39.08,16.58,2.36,300
1045,124,393,38.82,16.32,2.38,301
1054,123,394,39.34,16.18,2.43,302
1060,123,396,40.0,16.18,2.47,303
1062,122,398,38.16,16.05,2.38,304
1058,125,399,38.29,16.45,2.33,305
1064,124,401,37.63,16.32,2.31,306
1072,125,402,37.24,16.45,2.26,307
1080,124,404,37.37,16.32,2.29,308
1079,126,405,37.24,16.58,2.25,309
1080,126,406,38.95,16.58,2.35,310
1088,126,408,38.55,16.58,2.33,311
1088,126,409,38.16,16.58,2.3,312
1093,124,411,39.74,16.32,2.44,313
1093,126,411,40.39,16.58,2.44,314
1092,125,414,38.55,16.45,2.34,315
1094,125,415,37.76,16.45,2.3,316
1099,124,417,37.37,16.32,2.29,317
1104,123,419,38.29,16.18,2.37,318
1106,125,419,39.87,16.45,2.42,319
1107,124,422,39.87,16.32,2.44,320
1114,123,424,39.08,16.18,2.41,321
1122,123,426,38.42,16.18,2.37,322
1126,123,427,39.34,16.18,2.43,323
1130,123,429,38.16,16.18,2.36,324
1133,124,431,37.76,16.32,2.31,325
1134,126,432,37.24,16.58,2.25,326
1135,125,434,36.97,16.45,2.25,327
1141,126,436,35.92,16.58,2.17,328
1141,125,438,34.87,16.45,2.12,329
1145,126,439,36.58,16.58,2.21,330
1146,127,440,38.68,16.71,2.31,331
1145,128,442,36.97,16.84,2.2,332
1152,128,443,37.63,16.84,2.23,333
1157,131,443,38.29,17.24,2.22,334
1161,130,445,39.74,17.11,2.32,335
1163,130,447,37.5,17.11,2.19,336
1164,129,449,36.05,16.97,2.12,337
1166,128,451,36.71,16.84,2.18,338
1164,129,452,35.26,16.97,2.08,339
1166,129,453,35.53,16.97,2.09,340
1172,129,456,35.53,16.97,2.09,341
1179,127,459,35.26,16.71,2.11,342
1177,130,459,35.92,17.11,2.1,343
1177,129,461,36.97,16.97,2.18,344
1183,130,463,38.03,17.11,2.22,345
1182,130,464,36.84,17.11,2.15,346
1187,131,466,36.84,17.24,2.14,347
1187,131,467,38.16,17.24,2.21,348
1192,131,469,39.08,17.24,2.27,349
1192,131,470,38.55,17.24,2.24,350
1194,132,472,38.42,17.37,2.21,351
1202,131,474,38.29,17.24,2.22,352
1205,132,474,39.08,17.37,2.25,353
1210,132,476,37.89,17.37,2.18,354
1216,132,477,38.03,17.37,2.19,355
1217,132,478,37.63,17.37,2.17,356
1221,133,479,38.55,17.5,2.2,357
1219,133,481,37.37,17.5,2.14,358
1224,135,481,39.61,17.76,2.23,359
1230,135,483,38.82,17.76,2.19,360
1236,134,485,38.42,17.63,2.18,361
1244,135,486,38.68,17.76,2.18,362
1251,136,486,39.87,17.89,2.23,363
1253,134,489,38.82,17.63,2.2,364
1256,134,491,37.89,17.63,2.15,365
1263,135,493,37.76,17.76,2.13,366
1265,135,494,37.5,17.76,2.11,367
1271,136,495,37.11,17.89,2.07,368
1277,135,497,37.63,17.76,2.12,369
1280,135,498,37.5,17.76,2.11,370
1278,135,500,38.16,17.76,2.15,371
1279,134,502,37.11,17.63,2.1,372
1278,134,503,39.21,17.63,2.22,373
1283,134,504,40.0,17.63,2.27,374
1290,133,506,38.82,17.5,2.22,375
1295,134,508,38.55,17.63,2.19,376
1299,132,510,37.5,17.37,2.16,377
1303,131,512,37.24,17.24,2.16,378
1310,131,514,36.05,17.24,2.09,379
1311,130,515,36.71,17.11,2.15,380
1317,132,516,36.05,17.37,2.08,381
1322,130,518,38.03,17.11,2.22,382
1324,132,519,38.42,17.37,2.21,383
1326,131,521,38.55,17.24,2.24,384
1330,132,522,36.84,17.37,2.12,385
1337,132,524,38.03,17.37,2.19,386
1341,130,526,38.95,17.11,2.28,387
1338,131,528,36.84,17.24,2.14,388
1343,129,531,34.21,16.97,2.02,389
1344,129,533,34.08,16.97,2.01,390
1347,128,534,33.55,16.84,1.99,391
1348,130,534,35.39,17.11,2.07,392
1355,131,534,36.97,17.24,2.15,393
1361,131,537,36.45,17.24,2.11,394
1369,131,538,35.92,17.24,2.08,395
1376,129,540,34.74,16.97,2.05,396
1376,130,541,34.47,17.11,2.02,397
1375,130,542,34.47,17.11,2.02,398
1378,129,544,34.08,16.97,2.01,399
1382,128,545,33.55,16.84,1.99,400
1388,128,547,35.0,16.84,2.08,401
1393,127,548,35.92,16.71,2.15,402
1396,128,550,36.45,16.84,2.16,403
1398,126,552,36.18,16.58,2.18,404
1399,129,552,37.89,16.97,2.23,405
1403,129,553,38.55,16.97,2.27,406
1400,133,553,39.34,17.5,2.25,407
1404,132,555,38.03,17.37,2.19,408
1412,133,556,38.95,17.5,2.23,409
1419,133,558,38.29,17.5,2.19,410
1424,133,559,37.24,17.5,2.13,411
1427,132,560,37.37,17.37,2.15,412
1425,131,563,38.42,17.24,2.23,413
1426,130,565,38.82,17.11,2.27,414
1432,129,567,39.47,16.97,2.33,415
1429,131,569,38.03,17.24,2.21,416
1435,129,571,36.97,16.97,2.18,417
1438,131,573,37.76,17.24,2.19,418
1448,130,574,37.5,17.11,2.19,419
1450,129,577,36.58,16.97,2.16,420
1452,131,577,36.45,17.24,2.11,421
1461,130,579,38.42,17.11,2.25,422
1470,130,580,38.29,17.11,2.24,423
1476,131,581,39.61,17.24,2.3,424
1484,129,584,36.05,16.97,2.12,425
1485,128,586,36.45,16.84,2.16,426
1485,128,588,35.66,16.84,2.12,427
1492,130,588,35.13,17.11,2.05,428
1497,129,590,35.66,16.97,2.1,429
1505,130,591,34.21,17.11,2.0,430
1509,131,592,34.74,17.24,2.02,431
1513,131,594,34.61,17.24,2.01,432
1513,132,595,37.37,17.37,2.15,433
1520,133,596,36.05,17.5,2.06,434
1522,130,599,34.74,17.11,2.03,435
1522,132,599,34.74,17.37,2.0,436
1523,133,600,34.34,17.5,1.96,437
1526,132,602,34.08,17.37,1.96,438
1529,132,603,35.66,17.37,2.05,439
1534,133,605,34.08,17.5,1.95,440
1541,132,606,35.66,17.37,2.05,441
1548,135,606,36.58,17.76,2.06,442
1552,134,608,36.58,17.63,2.07,443
1550,134,610,36.58,17.63,2.07,444
1550,134,612,34.87,17.63,1.98,445
1556,135,613,36.45,17.76,2.05,446
1555,135,615,36.32,17.76,2.04,447
1558,136,615,36.05,17.89,2.01,448
1555,136,618,35.0,17.89,1.96,449
1561,136,618,33.95,17.89,1.9,450
1565,136,620,33.68,17.89,1.88,451
1565,136,622,32.89,17.89,1.84,452
1564,137,622,33.68,18.03,1.87,453
1564,138,623,35.0,18.16,1.93,454
1564,137,624,33.82,18.03,1.88,455
1563,139,624,35.66,18.29,1.95,456
1571,138,626,34.74,18.16,1.91,457
1573,138,627,37.11,18.16,2.04,458
1579,138,627,37.5,18.16,2.07,459
1582,136,629,37.63,17.89,2.1,460
1586,135,631,38.55,17.76,2.17,461
1586,134,633,38.55,17.63,2.19,462
1593,134,635,36.05,17.63,2.04,463
1600,135,635,36.05,17.76,2.03,464
1601,133,638,36.45,17.5,2.08,465
1600,134,638,37.5,17.63,2.13,466
1605,133,640,38.29,17.5,2.19,467
1609,134,641,38.16,17.63,2.16,468
1611,132,643,37.76,17.37,2.17,469
1619,132,644,38.95,17.37,2.24,470
1620,132,646,38.16,17.37,2.2,471
1620,131,648,36.97,17.24,2.15,472
1619,132,648,37.37,17.37,2.15,473
1624,133,650,36.84,17.5,2.11,474
1632,131,653,36.84,17.24,2.14,475
1639,131,655,35.13,17.24,2.04,476
1640,131,656,35.39,17.24,2.05,477
1642,131,657,34.61,17.24,2.01,478
1648,131,658,35.26,17.24,2.05,479
1653,130,661,34.47,17.11,2.02,480
1661,130,662,34.61,17.11,2.02,481
1662,130,664,34.21,17.11,2.0,482
1666,131,664,35.39,17.24,2.05,483
1665,132,665,34.47,17.37,1.98,484
1668,132,667,35.26,17.37,2.03,485
1676,132,668,35.66,17.37,2.05,486
1681,132,669,34.74,17.37,2.0,487
1682,131,670,34.08,17.24,1.98,488
1689,129,673,34.74,16.97,2.05,489
1696,129,674,34.87,16.97,2.05,490
1702,130,676,34.21,17.11,2.0,491
1705,130,677,36.45,17.11,2.13,492
1704,130,678,37.76,17.11,2.21,493
1708,129,681,36.45,16.97,2.15,494
1716,131,681,36.18,17.24,2.1,495
1720,129,684,34.87,16.97,2.05,496
1722,130,686,34.87,17.11,2.04,497
1727,129,688,32.37,16.97,1.91,498
1728,130,689,32.5,17.11,1.9,499
1733,128,692,31.97,16.84,1.9,500
1735,130,693,30.92,17.11,1.81,501
1738,130,694,30.66,17.11,1.79,502
1743,130,696,30.0,17.11,1.75,503
1750,129,697,32.24,16.97,1.9,504
1753,132,697,32.11,17.37,1.85,505
1760,130,700,31.71,17.11,1.85,506
1767,130,701,33.68,17.11,1.97,507
1770,130,703,33.68,17.11,1.97,508
1777,128,705,33.68,16.84,2.0,509
1773,131,706,34.87,17.24,2.02,510
1779,130,707,33.95,17.11,1.98,511
1781,130,709,33.29,17.11,1.95,512
1789,129,711,33.03,16.97,1.95,513
1793,131,712,34.87,17.24,2.02,514
1795,131,713,33.95,17.24,1.97,515
1792,133,715,33.82,17.5,1.93,516
1800,133,715,35.92,17.5,2.05,517
1801,135,716,34.74,17.76,1.96,518
1807,132,719,35.13,17.37,2.02,519
1812,134,720,34.61,17.63,1.96,520
1819,132,722,35.13,17.37,2.02,521
1820,133,723,35.79,17.5,2.05,522
1820,133,725,34.21,17.5,1.95,523
1820,133,727,34.74,17.5,1.98,524
1818,135,728,34.21,17.76,1.93,525
1818,134,730,34.87,17.63,1.98,526
1819,136,730,35.66,17.89,1.99,527
1821,135,732,35.26,17.76,1.99,528
1820,138,732,37.63,18.16,2.07,529
1828,138,733,36.97,18.16,2.04,530
1833,137,735,38.16,18.03,2.12,531
1832,137,737,37.89,18.03,2.1,532
1835,138,738,37.24,18.16,2.05,533
1838,137,740,36.32,18.03,2.01,534
1842,138,740,37.76,18.16,2.08,535
1850,136,743,36.05,17.89,2.01,536
1855,137,743,36.58,18.03,2.03,537
1856,135,745,35.92,17.76,2.02,538
1862,135,747,36.05,17.76,2.03,539
1871,135,748,36.32,17.76,2.04,540
1874,136,749,36.58,17.89,2.04,541
1881,137,750,35.66,18.03,1.98,542
1882,136,752,35.53,17.89,1.99,543
1879,138,753,35.13,18.16,1.93,544
1884,137,754,35.39,18.03,1.96,545
1881,137,757,34.87,18.03,1.93,546
1890,137,758,35.79,18.03,1.99,547
1888,138,759,34.74,18.16,1.91,548
1886,137,762,33.55,18.03,1.86,549
1893,138,763,33.95,18.16,1.87,550
1894,138,765,32.37,18.16,1.78,551
1894,139,765,32.37,18.29,1.77,552
1892,141,766,32.11,18.55,1.73,553
1895,140,768,32.24,18.42,1.75,554
1892,142,769,32.5,18.68,1.74,555
1902,140,771,30.53,18.42,1.66,556
1907,141,772,32.5,18.55,1.75,557
1912,143,772,32.5,18.82,1.73,558
1913,142,774,31.71,18.68,1.7,559
1915,144,774,31.84,18.95,1.68,560
1915,142,777,30.66,18.68,1.64,561
1919,143,778,29.47,18.82,1.57,562
1925,143,779,30.66,18.82,1.63,563
1925,144,780,32.5,18.95,1.72,564
1924,144,782,31.32,18.95,1.65,565
1931,144,782,34.08,18.95,1.8,566
1933,144,783,33.55,18.95,1.77,567
1942,142,785,33.16,18.68,1.77,568
1944,142,786,34.61,18.68,1.85,569
1942,142,788,33.29,18.68,1.78,570
1950,139,791,33.55,18.29,1.83,571
1952,141,791,35.0,18.55,1.89,572
1958,140,794,34.34,18.42,1.86,573
1961,139,796,34.47,18.29,1.88,574
1960,138,798,34.34,18.16,1.89,575
1964,137,799,34.87,18.03,1.93,576
1968,138,800,34.08,18.16,1.88,577
1974,135,803,33.03,17.76,1.86,578
1975,136,803,36.84,17.89,2.06,579
1978,134,806,35.92,17.63,2.04,580
1981,134,806,35.92,17.63,2.04,581
1985,133,808,35.66,17.5,2.04,582
1987,134,809,34.74,17.63,1.97,583
1985,135,810,34.74,17.76,1.96,584
1989,133,812,34.47,17.5,1.97,585
1992,133,814,33.55,17.5,1.92,586
1993,133,814,34.34,17.5,1.96,587
1999,133,816,34.87,17.5,1.99,588
2006,133,817,34.87,17.5,1.99,589
2014,134,818,35.39,17.63,2.01,590
2012,134,820,35.0,17.63,1.99,591
2020,135,821,34.61,17.76,1.95,592
2021,135,822,34.47,17.76,1.94,593
2029,133,824,35.13,17.5,2.01,594
2033,135,824,34.87,17.76,1.96,595
2035,134,826,35.0,17.63,1.99,596
2043,136,826,35.66,17.89,1.99,597
2042,135,828,35.39,17.76,1.99,598
2048,134,830,35.92,17.63,2.04,599
2052,135,831,36.18,17.76,2.04,600
2057,133,834,34.34,17.5,1.96,601
2064,134,834,37.11,17.63,2.1,602
2067,135,835,36.97,17.76,2.08,603
2075,133,837,35.53,17.5,2.03,604
2079,132,839,35.13,17.37,2.02,605
2083,131,841,36.84,17.24,2.14,606
2088,129,843,36.05,16.97,2.12,607
2086,130,845,36.32,17.11,2.12,608
2095,129,847,35.39,16.97,2.09,609
2094,129,848,36.45,16.97,2.15,610
2099,128,850,35.92,16.84,2.13,611
2103,128,851,36.32,16.84,2.16,612
2106,128,852,35.39,16.84,2.1,613
2115,128,853,35.26,16.84,2.09,614
2122,128,854,35.66,16.84,2.12,615
2126,129,855,37.89,16.97,2.23,616
2132,129,856,38.55,16.97,2.27,617
2131,130,858,36.97,17.11,2.16,618
2138,129,860,38.16,16.97,2.25,619
2141,129,860,37.5,16.97,2.21,620
2143,130,861,36.58,17.11,2.14,621
2153,128,863,36.05,16.84,2.14,622
2159,130,864,35.79,17.11,2.09,623
2168,129,866,35.92,16.97,2.12,624
2167,129,868,36.18,16.97,2.13,625
2166,130,868,37.24,17.11,2.18,626
2167,128,870,36.05,16.84,2.14,627
2163,131,871,34.87,17.24,2.02,628
2166,128,874,33.82,16.84,2.01,629
2172,130,874,34.34,17.11,2.01,630
2176,128,877,33.82,16.84,2.01,631
2176,130,878,35.53,17.11,2.08,632
2178,129,879,36.45,16.97,2.15,633
2183,130,882,35.13,17.11,2.05,634
2189,130,882,35.13,17.11,2.05,635
2190,131,884,32.37,17.24,1.88,636
2191,130,885,34.21,17.11,2.0,637
2193,130,887,34.47,17.11,2.02,638
2195,131,888,34.21,17.24,1.98,639
2204,130,889,35.0,17.11,2.05,640
2206,129,892,32.76,16.97,1.93,641
2209,129,893,32.37,16.97,1.91,642
2208,130,894,33.68,17.11,1.97,643
2214,129,895,33.03,16.97,1.95,644
2216,130,897,32.37,17.11,1.89,645
2223,128,900,30.92,16.84,1.84,646
2229,130,900,32.63,17.11,1.91,647
2228,131,901,31.84,17.24,1.85,648
2233,129,904,30.13,16.97,1.78,649
2234,130,905,32.76,17.11,1.92,650
2234,130,906,32.89,17.11,1.92,651
2238,131,907,32.89,17.24,1.91,652
2243,132,908,31.58,17.37,1.82,653
2250,133,908,34.61,17.5,1.98,654
2251,131,911,32.76,17.24,1.9,655
2252,130,912,31.32,17.11,1.83,656
2258,131,913,32.24,17.24,1.87,657
2257,131,914,30.92,17.24,1.79,658
2261,131,916,29.47,17.24,1.71,659
2268,132,917,31.32,17.37,1.8,660
2274,132,919,32.24,17.37,1.86,661
2277,131,921,32.63,17.24,1.89,662
2284,133,922,32.63,17.5,1.86,663
2294,133,922,32.5,17.5,1.86,664
2297,133,924,31.97,17.5,1.83,665
2298,135,924,35.26,17.76,1.99,666
2307,135,925,34.74,17.76,1.96,667
2314,135,926,34.61,17.76,1.95,668
2318,137,927,35.0,18.03,1.94,669
2323,137,929,34.61,18.03,1.92,670
2330,139,929,35.53,18.29,1.94,671
2331,137,931,35.0,18.03,1.94,672
2336,137,933,32.76,18.03,1.82,673
2344,137,934,33.29,18.03,1.85,674
2344,136,937,33.16,17.89,1.85,675
2346,137,938,34.21,18.03,1.9,676
2354,137,939,35.13,18.03,1.95,677
2358,137,940,34.08,18.03,1.89,678
2365,138,941,33.95,18.16,1.87,679
2364,139,942,34.47,18.29,1.88,680
2363,138,944,34.34,18.16,1.89,681
2371,139,945,34.74,18.29,1.9,682
2375,139,947,33.03,18.29,1.81,683
2377,139,948,34.21,18.29,1.87,684
2378,140,949,34.34,18.42,1.86,685
2377,141,950,33.95,18.55,1.83,686
2384,141,951,33.95,18.55,1.83,687
2388,141,953,33.42,18.55,1.8,688
2396,141,954,35.79,18.55,1.93,689
2403,143,955,35.92,18.82,1.91,690
2402,141,958,34.87,18.55,1.88,691
2403,145,958,36.05,19.08,1.89,692
2405,144,960,33.55,18.95,1.77,693
2404,145,962,33.68,19.08,1.77,694
2411,143,964,34.34,18.82,1.83,695
2412,141,967,33.55,18.55,1.81,696
2419,140,968,32.89,18.42,1.79,697
2423,140,969,33.29,18.42,1.81,698
2425,139,972,32.63,18.29,1.78,699
2426,141,972,33.68,18.55,1.82,700
2430,142,974,34.08,18.68,1.82,701
2429,142,975,32.89,18.68,1.76,702
2430,142,976,31.45,18.68,1.68,703
2429,143,976,33.03,18.82,1.76,704
2432,142,977,33.95,18.68,1.82,705
2431,144,979,31.18,18.95,1.65,706
2437,143,980,32.89,18.82,1.75,707
2441,143,982,32.11,18.82,1.71,708
2448,142,983,32.89,18.68,1.76,709
2454,143,985,33.16,18.82,1.76,710
2460,142,987,32.24,18.68,1.73,711
2466,143,989,30.53,18.82,1.62,712
2475,144,989,31.97,18.95,1.69,713
2478,146,989,34.61,19.21,1.8,714
2482,145,990,35.26,19.08,1.85,715
2486,144,992,34.47,18.95,1.82,716
2496,142,994,34.34,18.68,1.84,717
2494,143,996,34.21,18.82,1.82,718
2502,140,999,32.24,18.42,1.75,719
2508,142,999,32.11,18.68,1.72,720
2507,142,1000,33.29,18.68,1.78,721
2506,143,1001,34.47,18.82,1.83,722
2509,143,1002,35.53,18.82,1.89,723
2517,142,1004,34.74,18.68,1.86,724
2524,142,1006,34.61,18.68,1.85,725
2532,142,1007,33.68,18.68,1.8,726
2536,141,1008,35.0,18.55,1.89,727
2534,142,1009,37.63,18.68,2.01,728
2538,142,1011,37.5,18.68,2.01,729
2547,141,1012,36.84,18.55,1.99,730
2554,141,1012,37.63,18.55,2.03,731
2555,141,1015,37.37,18.55,2.01,732
2564,142,1015,38.29,18.68,2.05,733
2566,140,1017,36.58,18.42,1.99,734
2567,143,1017,37.37,18.82,1.99,735
2569,141,1020,38.03,18.55,2.05,736
2567,143,1021,37.37,18.82,1.99,737
2568,142,1023,36.97,18.68,1.98,738
2565,144,1024,34.61,18.95,1.83,739
2574,143,1026,35.53,18.82,1.89,740
2578,142,1027,37.76,18.68,2.02,741
2581,143,1029,37.89,18.82,2.01,742
2581,143,1030,37.24,18.82,1.98,743
2586,144,1030,38.42,18.95,2.03,744
2591,145,1032,37.89,19.08,1.99,745
2596,145,1033,38.16,19.08,2.0,746
2597,144,1036,38.03,18.95,2.01,747
2601,144,1037,38.42,18.95,2.03,748
2604,143,1038,41.84,18.82,2.22,749
2607,143,1039,41.45,18.82,2.2,750
2608,142,1041,40.53,18.68,2.17,751
2609,141,1043,38.55,18.55,2.08,752
2615,142,1043,39.08,18.68,2.09,753
2620,140,1045,40.26,18.42,2.19,754
2619,140,1047,40.26,18.42,2.19,755
2622,140,1047,40.79,18.42,2.21,756
2629,139,1049,40.39,18.29,2.21,757
2631,139,1050,41.45,18.29,2.27,758
2631,139,1051,42.11,18.29,2.3,759
2636,138,1053,42.76,18.16,2.36,760
2636,137,1055,42.76,18.03,2.37,761
2642,137,1057,41.97,18.03,2.33,762
2641,137,1058,41.71,18.03,2.31,763
2644,136,1059,41.05,17.89,2.29,764
2643,135,1062,41.84,17.76,2.36,765
2642,135,1063,41.97,17.76,2.36,766
2647,135,1065,40.13,17.76,2.26,767
2654,134,1067,40.0,17.63,2.27,768
2653,134,1068,40.0,17.63,2.27,769
2660,134,1069,39.74,17.63,2.25,770
2659,133,1071,40.53,17.5,2.32,771
2661,133,1074,37.63,17.5,2.15,772
2666,133,1074,37.89,17.5,2.17,773
2664,134,1077,35.79,17.63,2.03,774
2670,133,1078,35.13,17.5,2.01,775
2667,135,1080,34.87,17.76,1.96,776
2671,135,1080,36.05,17.76,2.03,777
2677,135,1082,37.11,17.76,2.09,778
2684,137,1082,36.05,18.03,2.0,779
2689,137,1084,35.92,18.03,1.99,780
2699,136,1085,36.45,17.89,2.04,781
2700,135,1088,36.05,17.76,2.03,782
2701,135,1090,33.95,17.76,1.91,783
2702,137,1091,33.55,18.03,1.86,784
2704,139,1091,35.53,18.29,1.94,785
2705,140,1092,35.26,18.42,1.91,786
2712,137,1095,33.55,18.03,1.86,787
2720,138,1096,33.42,18.16,1.84,788
2727,138,1098,33.16,18.16,1.83,789
2729,138,1099,35.0,18.16,1.93,790
2737,136,1101,34.87,17.89,1.95,791
2736,136,1103,33.16,17.89,1.85,792
2744,135,1104,34.87,17.76,1.96,793
2749,135,1105,36.45,17.76,2.05,794
2752,135,1107,35.92,17.76,2.02,795
2760,136,1108,35.66,17.89,1.99,796
2762,135,1109,37.63,17.76,2.12,797
2767,136,1111,36.71,17.89,2.05,798
2772,137,1111,36.58,18.03,2.03,799
2775,137,1113,36.05,18.03,2.0,800
2778,136,1115,34.87,17.89,1.95,801
2784,134,1117,33.95,17.63,1.93,802
2787,136,1118,34.61,17.89,1.93,803
2796,136,1119,35.13,17.89,1.96,804
2802,137,1121,35.26,18.03,1.96,805
2807,136,1122,35.13,17.89,1.96,806
2812,135,1125,33.82,17.76,1.9,807
2816,135,1125,35.0,17.76,1.97,808
2823,135,1127,34.08,17.76,1.92,809
2830,136,1128,35.0,17.89,1.96,810
2836,135,1129,35.13,17.76,1.98,811
2841,135,1132,34.87,17.76,1.96,812
2847,133,1134,35.39,17.5,2.02,813
2849,136,1134,36.84,17.89,2.06,814
2852,135,1136,36.84,17.76,2.07,815
2854,136,1138,34.74,17.89,1.94,816
2854,136,1139,34.61,17.89,1.93,817
2860,136,1141,34.34,17.89,1.92,818
2868,137,1142,33.82,18.03,1.88,819
2874,137,1144,34.61,18.03,1.92,820
2880,136,1146,35.0,17.89,1.96,821
2881,138,1146,34.87,18.16,1.92,822
2881,139,1147,35.39,18.29,1.94,823
2885,139,1148,36.58,18.29,2.0,824
2889,139,1150,36.71,18.29,2.01,825
2887,140,1151,37.89,18.42,2.06,826
2895,142,1151,36.71,18.68,1.96,827
2900,140,1154,36.45,18.42,1.98,828
2902,142,1154,37.11,18.68,1.99,829
2901,141,1156,35.66,18.55,1.92,830
2907,141,1158,35.53,18.55,1.91,831
2912,140,1161,36.32,18.42,1.97,832
2912,140,1162,35.39,18.42,1.92,833
2917,141,1163,34.61,18.55,1.87,834
2923,140,1165,35.92,18.42,1.95,835
2930,140,1166,35.66,18.42,1.94,836
2935,139,1168,34.47,18.29,1.88,837
2944,139,1169,33.95,18.29,1.86,838
2945,138,1171,34.74,18.16,1.91,839
2955,136,1173,34.08,17.89,1.9,840
